,Title,Country,Subgenre
0,,,
1,,,
2,,,
3,Dr. No,"United Kingdom
United States",[3]
4,Shinobi no Mono,Japan,Martial arts film[4]
5,,,
6,From Russia with Love,"United Kingdom
United States",[5]
7,,,
8,Goldfinger,"United Kingdom
United States",[6]
9,Greed in the Sun,"France
Italy",Action comedy[7]
10,That Man from Rio,"France
Italy",Action comedy[8]
11,,,
12,Agent 3S3: Passport to Hell,"France
Italy",[9]
13,"Faster, Pussycat! Kill! Kill!",United States,Action comedy[10]
14,Masquerade,United Kingdom,Action comedy[11]
15,Red Line 7000,United States,[12]
16,The 10th Victim,"Italy
France",Science fiction action[13]
17,Thunderball,"United Kingdom
United States",Action thriller[14]
18,,,
19,Come Drink with Me,Hong Kong,Martial arts film[15]
20,Lightning Bolt,"Italy
Spain",[16]
21,Murderers' Row,United States,[17]
22,Ōgon Bat,Japan,Superhero film[18]
23,Our Man Flint,United States,[19]
24,Password: Kill Agent Gordon,"United States
Spain
Italy",[20]
25,Sabotage,Philippines,[21]
26,The Silencers,United States,[22]
27,The Wild Angels,United States,Action thriller[23]
28,,,
29,A Game without Rules,Czechoslovakia,[24]
30,The Elusive Avengers,Soviet Union,[25]
31,Hells Angels on Wheels,United States,Action thriller[26]
32,In Like Flint,United States,Action comedy[27]
33,One Armed Swordsman,Hong Kong,Martial arts films[28]
34,The Ambushers,United States,[29]
35,The Born Losers,United States,Action thriller[30]
36,You Only Live Twice,"United Kingdom
United States",[31]
37,,,
38,Bullitt,United States,Action thriller[32]
39,Coogan's Bluff,United States,Action thriller[33]
40,Danger: Diabolik,"Italy
France",[34]
41,Ice Station Zebra,United States,Action thriller[35]
42,OSS 117 – Double Agent,France,Action thriller[36]
43,The Mini-Skirt Mob,United States,Action thriller[37]
44,The Wrecking Crew,United States,[38]
45,,,
46,Hell's Angels '69,United States,Action thriller[39]
47,On Her Majesty's Secret Service,"United Kingdom
United States",[40]
48,Shark!,"Mexico
United States",Action thriller[41]
49,,,
50,,,
51,,,
52,,,
53,,,
54,,,
55,,,
56,,,
57,,,
58,,,
59,,,
60,,,
61,,,
62,,,
63,,,
64,,,
65,,,
66,,,
67,,,
68,,,
69,,,
70,,,
71,,,
72,,,
73,,,
74,,,
75,,,
76,,,
77,,,
78,,,
79,,,
80,,,
81,,,
82,,,
83,,,
84,,,
85,,,
86,,,
87,,,
88,,,
89,,,
90,,,
91,,,
92,,,
93,,,
94,,,
95,,,
96,,,
97,,,
98,,,
99,,,
100,,,
101,,,
102,,,
103,,,
104,,,
105,,,
106,,,
107,,,
108,,,
109,,,
110,,,
111,,,
112,,,
113,,,
114,,,
115,,,
116,,,
117,,,
118,,,
119,,,
120,,,
121,,,
122,,,
123,,,
124,,,
125,,,
126,,,
127,,,
128,,,
129,,,
130,,,
131,,,
132,,,
133,,,
134,,,
135,,,
136,,,
137,,,
138,,,
139,,,
140,,,
141,,,
142,,,
143,,,
144,,,
145,,,
146,,,
147,,,
148,,,
149,,,
150,,,
151,,,
152,,,
153,,,
154,,,
155,,,
156,,,
157,,,
158,,,
159,,,
160,,,
161,,,
162,,,
163,,,
164,,,
165,,,
166,,,
167,,,
168,,,
169,,,
170,,,
171,,,
172,,,
173,,,
174,,,
175,,,
176,,,
177,,,
178,,,
179,,,
180,,,
181,,,
182,,,
183,,,
184,,,
185,,,
186,,,
187,,,
188,,,
189,,,
190,,,
191,,,
192,,,
193,,,
194,,,
195,,,
196,,,
197,,,
198,,,
199,,,
200,,,
201,,,
202,,,
203,,,
204,,,
205,,,
206,,,
207,,,
208,,,
209,,,
210,,,
211,,,
212,,,
213,,,
214,,,
215,,,
216,,,
217,,,
218,,,
219,,,
220,,,
221,,,
222,,,
223,,,
224,,,
225,,,
226,,,
227,,,
228,,,
229,,,
230,,,
231,,,
232,,,
233,,,
234,,,
235,,,
236,,,
237,,,
238,,,
239,,,
240,,,
241,,,
242,,,
243,,,
244,,,
245,,,
246,,,
247,,,
248,,,
249,,,
250,,,
251,,,
252,,,
253,,,
254,,,
255,,,
256,,,
257,,,
258,,,
259,,,
260,,,
261,,,
262,,,
263,,,
264,,,
265,,,
266,,,
267,,,
268,,,
269,,,
270,,,
271,,,
272,,,
273,,,
274,,,
275,,,
276,,,
277,,,
278,,,
279,,,
280,,,
281,,,
282,,,
283,,,
284,,,
285,,,
286,,,
287,,,
288,,,
289,,,
290,,,
291,,,
292,,,
293,,,
294,,,
295,,,
296,,,
297,,,
298,,,
299,,,
300,,,
301,,,
302,,,
303,A Taste of Cold Steel,Hong Kong,Martial arts film[citation needed]
304,Airport,United States,[1]
305,Alleycat Rock: Female Boss,Japan,Action thriller[2]
306,Brothers Five,Hong Kong,Martial arts film[3]
307,Cold Blade,Hong Kong,[citation needed]
308,Cold Sweat,"France
Italy",Action thriller[4]
309,Cotton Comes to Harlem,United States,Action comedy[5]
310,King Eagle,Hong Kong,Martial arts film
311,The Chinese Boxer,Hong Kong,Martial arts film
312,The Heroic Ones,Hong Kong,Martial arts film
313,Nam's Angels,United States,[6]
314,The Wandering Swordsman,Hong Kong,Martial arts film
315,,,
316,,,
317,Blood of the Dragon,Hong Kong,Martial arts film[7]
318,Diamonds Are Forever,United Kingdom,[8]
319,Dirty Harry,United States,Action thriller[9]
320,Duel of Fists,Hong Kong,Martial arts film[10]
321,Le Mans,United States,[11]
322,Shaft,United States,[12]
323,Sweet Sweetback's Baadasssss Song,United States,Action thriller[13]
324,The Ammunition Hunters,Hong Kong,[citation needed]
325,The Anonymous Heroes,Hong Kong,Action comedy[14]
326,The Big Boss,Hong Kong,Martial arts film[15]
327,The Deadly Duo,Hong Kong,Martial arts film
328,The French Connection,United States,Action thriller[16]
329,,,
330,The New One-Armed Swordsman,Hong Kong,Martial arts film
331,The Omega Man,United States,Science fiction action[17]
332,The Shadow Whip,Hong Kong,Martial arts film
333,,,
334,THX 1138,United States,Science fiction action[18]
335,Vanishing Point,United States,Action thriller[19]
336,,,
337,Angry Guest,Hong Kong,Martial arts film
338,Boxer From Shantung,Hong Kong,Martial arts film[20]
339,Delightful Forest,Hong Kong,Martial arts film
340,Female Convict Scorpion: Jailhouse 41,Japan,Action thriller[21]
341,Fist of Fury,Hong Kong,Martial arts film
342,Five Fingers of Death,Hong Kong,Martial arts film[22]
343,Four Riders,Hong Kong,Martial arts film
344,Fuzz,United States,Action comedy[23]
345,,,
346,One Armed Boxer,China,Martial arts film[24]
347,Shaft's Big Score,United States,[25]
348,Slaughter,United States,Action thriller[26]
349,The 14 Amazons,Hong Kong,[citation needed]
350,The Getaway,United States,Action thriller[27]
351,The Legend of Nigger Charley,United States,[28]
352,The Outside Man,"France
Italy",Action thriller[29]
353,The Poseidon Adventure,United States,[30]
354,Way of the Dragon,Hong Kong,Martial arts film[31]
355,,,
356,Charley Varrick,United States,Action thriller[32]
357,Cleopatra Jones,United States,[33]
358,Coffy,United States,[34]
359,Detroit 9000,United States,Action thriller[35]
360,Electra Glide in Blue,United States,[36]
361,Enter the Dragon,United States,Martial arts film[37]
362,Hell Up in Harlem,United States,Action thriller[38]
363,Hit!,United States,[39]
364,Le Magnifique,"France
Italy",[40]
365,Milano Rovente,Italy,Action thriller[41]
366,Japan Sinks,Japan,[42]
367,Live and Let Die,United Kingdom,Action thriller[43]
368,Magnum Force,United States,Action thriller[44]
369,Savage!,Mexico,[45]
370,Shaft in Africa,United States,Action thriller[46]
371,Slaughter's Big Rip-Off,United States,Action thriller[47]
372,That Man Bolt,United States,Martial arts film[48]
373,The Black Six,United States,[49]
374,,,
375,The Crazies,United States,Action thriller[50]
376,The Flash Legs,Hong Kong,Martial arts film
377,The Mackintosh Man,United Kingdom,Action thriller[51]
378,The No Mercy Man,United States,Action thriller[52]
379,,,
380,The Spook Who Sat By the Door,United States,[53]
381,The Stone Killer,United States,[54]
382,Westworld,United States,Science fiction action[55]
383,White Lightning,United States,Action thriller[56]
384,,,
385,99 and 44/100% Dead,United States,[57]
386,Airport 1975,United States,Disaster film[58]
387,Bamboo Gods and Iron Men,Philippines,Martial arts film[59]
388,Black Belt Jones,United States,Martial arts film[60]
389,Bring Me the Head of Alfredo Garcia,United States,Action thriller[61]
390,Busting,United States,[62]
391,Captain Kronos - Vampire Hunter,United States,[63]
392,"Dirty Mary, Crazy Larry",United States,[64]
393,Earthquake,United States,Disaster film[65]
394,Emergency Squad,Italy,Action thriller[66]
395,Executioner 2: The Karate Inferno,Japan,"Action comedy, martial arts film[67]"
396,Five Shaolin Masters,Hong Kong,Martial arts film
397,Freebie and the Bean,United States,Action comedy[68]
398,Gone in 60 Seconds,United States,Action thriller[69]
399,Heroes Two,Hong Kong,Martial arts film
400,Juggernaut,United Kingdom,Action thriller[70]
401,Mr. Majestyk,United States,Action thriller[71]
402,Policewomen,United States,[72]
403,Sister Street Fighter,Japan,[73]
404,Stone,Australia,[74]
405,The Black Godfather,United States,[75]
406,The Man with the Golden Gun,United Kingdom,Action thriller[76]
407,The Executioner,Japan,Martial arts film[77]
408,The Savage Five,Hong Kong,Martial arts film
409,The Stranger and the Gunfighter,"Italy
Spain
France
Hong Kong",Martial arts film[78]
410,Street Law,Italy,Action thriller[79]
411,The Street Fighter,Japan,Martial arts film[80]
412,The Super Cops,United States,[81]
413,The Taking of Pelham One Two Three,United States,Action thriller[82]
414,The Towering Inferno,United States,[83]
415,TNT Jackson,United States,Action thriller[84]
416,Truck Turner,United States,Action thriller[85]
417,,,
418,,,
419,Boss Nigger,United States,Action thriller[86]
420,Brannigan,United Kingdom,Action thriller[87]
421,Breakout,United States,Action thriller[88]
422,Bucktown,United States,[89]
423,Champion of Death,Japan,Martial arts film[90]
424,Cleopatra Jones and the Casino of Gold,"Hong Kong
United States",[91]
425,Cover Girl Models,"United States
Philippines",[92]
426,Death Race 2000,United States,Science fiction action[93]
427,Disciples of Shaolin,Hong Kong,Martial arts film
428,Dolemite,United States,Action comedy[94]
429,Fear Over the City,"France
Italy",Action thriller[95]
430,French Connection II,United States,Action thriller[96]
431,Hard Times,United States,[97]
432,L'Agression,"France
Italy",Action thriller[98]
433,Race with the Devil,United States,[99]
434,Rollerball,United States,Science fiction action[100]
435,"Sheba, Baby",United States,[101]
436,Syndicate Sadists,Italy,[102]
437,The Black Gestapo,United States,Action thriller[103]
438,The Candy Tangerine Man,United States,Blaxploitation[104]
439,The Eiger Sanction,United States,Action thriller[105]
440,The Killing Machine,Japan,[106]
441,The Man from Hong Kong,"Australia
Hong Kong",[107]
442,The Return of the Street Fighter,Japan,[108]
443,The Super Inframan,"Hong Kong
Japan",Martial arts film[109]
444,White Line Fever,"Canada
United States",[110]
445,Wildcat Women,United States,[111]
446,,,
447,7-Man Army,Hong Kong,Martial arts film[112]
448,Assault on Precinct 13,United States,Action thriller[113]
449,Black Samurai,United States,Martial arts film[114]
450,Black Shampoo,United States,Action thriller[115]
451,Black Sister's Revenge,United States,[116]
452,,,
453,Brotherhood of Death,United States,Action thriller[117]
454,Bruce Lee Fights Back from the Grave,South Korea,Martial arts film[118][failed verification]
455,Cannonball,"Hong Kong
United States",[119]
456,Colt 38 Special Squad,Italy,Action thriller[120]
457,Deathcheaters,Australia,[121]
458,"Ebony, Ivory, and Jade",United States,[122]
459,Gator,United States,Action thriller[123]
460,Hand of Death,Hong Kong,Martial arts film
461,Hot Potato,United States,Martial arts film[124]
462,Killer Clans,Hong Kong,Martial arts film
463,Logan's Run,United States,Science fiction action[125]
464,Master of the Flying Guillotine,Hong Kong,Martial arts films[126]
465,,,
466,Shaolin Wooden Men,Hong Kong,Martial arts film[127]
467,Strange Shadows in an Empty Room,"Italy
Canada",[128]
468,The Big Racket,Italy,[129]
469,The Enforcer,United States,Action thriller[130]
470,The Human Tornado,United States,"Action comedy, martial arts film[131]"
471,The New Shaolin Boxers,Hong Kong,Martial arts film
472,The Next Man,United States,Action thriller[132]
473,The Shaolin Avengers,Hong Kong,Martial arts film
474,Web of Death,Hong Kong,Martial arts film
475,,,
476,Airport '77,United States,Action thriller[133]
477,Bare Knuckles,United States,Martial arts film[134]
478,Breaker! Breaker!,United States,[135]
479,Black Sunday,United States,Action thriller[136]
480,Chinatown Kid,Hong Kong,Martial arts Film
481,Chinese Connection 2,Hong Kong,[137]
482,Double Nickels,United States,Action thriller[138]
483,Golgo 13: Assignment Kowloon,Japan,"Action thriller, Martial arts film[139]"
484,Grand Theft Auto,United States,Action comedy[140]
485,High Rolling in a Hot Corvette,Australia,Action comedy[141]
486,Karate Bear Fighter,Japan,Martial arts film[142]
487,Karate for Life,Japan,Martial arts film[143]
488,L'Animal,France,Action comedy[144]
489,Operation Thunderbolt,Israel,Action thriller[145]
490,Return of the Chinese Boxer,Hong Kong,Martial arts film
491,Rollercoaster,United States,Action thriller[146]
492,Rolling Thunder,United States,Action thriller[147]
493,Smokey and the Bandit,United States,Action comedy[148]
494,Star Wars,United States,Science fiction action[149]
495,Telefon,United States,Action thriller[150]
496,The Brave Archer,Hong Kong,Martial arts film
497,The Clones of Bruce Lee,"South Korea
Hong Kong",Martial arts film[151]
498,The Doberman Cop,Japan,"Action thriller, Martial arts film[152]"
499,The Gauntlet,United States,Action thriller[153]
500,The Heroin Busters,Italy,Action thriller[154]
501,The Naval Commandos,"Hong Kong
Taiwan",
502,The Spy Who Loved Me,United Kingdom,Action thriller[155]
503,To Kill with Intrigue,Hong Kong,Martial arts film[156]
504,,,
505,7 Grandmasters,Hong Kong,[157]
506,Crippled Avengers,Hong Kong,Martial arts film
507,Deathsport,United States,Science fiction action[158]
508,"Dirty Tiger, Crazy Frog",Hong Kong,Martial arts film[159]
509,Drunken Master,Hong Kong,"Martial arts film, action comedy[160]"
510,Enter the Fat Dragon,Hong Kong,"Martial arts film, action comedy[161]"
511,Every Which Way but Loose,United States,[162]
512,Five Deadly Venoms,Hong Kong,Martial arts Film
513,Game of Death,"Hong Kong
United States","Action thriller, martial arts film[163]"
514,Good Guys Wear Black,United States,Action thriller[164]
515,High-Ballin',"Canada
United States",[165]
516,Hooper,United States,Action comedy[166]
517,Invincible Shaolin,Hong Kong,Martial arts film
518,Shogun's Samurai,Japan,"Jidaigeki, martial arts film[167]"
519,Snake in the Eagle's Shadow,Hong Kong,Martial arts film[168]
520,Snake & Crane Arts of Shaolin,Hong Kong,
521,Soul of the Sword,Hong Kong,Martial arts film
522,Stunt Rock,Australia,Action thriller[169]
523,Superman,United States,Superhero film[170]
524,The 36th Chamber of Shaolin,Hong Kong,Martial arts film[171]
525,The Brave Archer 2,Hong Kong,Martial arts Film
526,The Inglorious Bastards,Italy,Action thriller[172]
527,Warriors Two,Hong Kong,Martial arts film[173]
528,,,
529,1941,United States,Action comedy[174]
530,A Force of One,United States,"Action thriller, martial arts film[175]"
531,Angels Revenge,United States,[176]
532,Beyond the Poseidon Adventure,United States,[177]
533,City on Fire,Canada,[178]
534,Concorde Affaire '79,Italy,Action thriller[179]
535,Dance of the Drunk Mantis,Hong Kong,"Action comedy, martial arts film[180]"
536,Day of the Assassin,Mexico,[181]
537,Disco Godfather,United States,Martial arts film[182]
538,Dragon Fist,Hong Kong,Martial arts film
539,Escape from Alcatraz,United States,[183]
540,Kid with the Golden Arm,Hong Kong,Martial arts film
541,Kung-Fu Commandos,Taiwan,Martial arts film
542,Last Hurrah for Chivalry,Hong Kong,Martial arts film[184]
543,Mad Max,Australia,Science fiction action[185]
544,Mad Monkey Kung Fu,Hong Kong,Martial arts Film
545,Magnificent Butcher,Hong Kong,Martial arts film[186]
546,Magnificent Ruffians,Hong Kong,Martial arts film
547,Moonraker,"United Kingdom
France",[187]
548,Shaolin Daredevils,Hong Kong,Martial arts film
549,Shaolin Rescuers,Hong Kong,
550,The Concorde ... Airport '79,United States,Action thriller[188]
551,The Street Fighter's Last Revenge,Japan,[189]
552,Supersonic Man,Spain,Superhero film[190]
553,The Warriors,United States,Action thriller[191]
554,Ten Tigers from Kwangtung,Hong Kong,
555,,,
556,,,
557,,,
558,,,
559,,,
560,,,
561,,,
562,,,
563,,,
564,,,
565,,,
566,,,
567,,,
568,,,
569,,,
570,,,
571,,,
572,,,
573,,,
574,,,
575,,,
576,,,
577,,,
578,,,
579,,,
580,,,
581,,,
582,,,
583,,,
584,,,
585,,,
586,,,
587,,,
588,,,
589,,,
590,,,
591,,,
592,,,
593,,,
594,,,
595,,,
596,,,
597,,,
598,,,
599,,,
600,,,
601,,,
602,,,
603,2 Champions of Shaolin,Hong Kong,Martial arts film
604,Any Which Way You Can,United States,Action comedy[1]
605,Clan of the White Lotus,Hong Kong,[2][3]
606,Delitto a Porta Romana,Italy,Action thriller[4]
607,Encounters of the Spooky Kind,Hong Kong,Martial arts film[5][6]
608,Flag of Iron,Hong Kong,[7]
609,Flash Gordon,"United States
United Kingdom",Science fiction action[8]
610,Le Guignolo,"France
Italy",Action comedy[9]
611,Return to the 36th Chamber,Hong Kong,[10]
612,Smokey and the Bandit II,United States,Action comedy[11]
613,Superman II,"United Kingdom
United States",Superhero film[12]
614,The Big Brawl,United States,[13]
615,The Blues Brothers,United States,Action comedy[14]
616,The Eagle and the Falcon,Philippines,[15]
617,The Empire Strikes Back,United States,Science fiction action[16]
618,The Exterminator,United States,[17]
619,The Hunter,United States,Action thriller[18]
620,The Master,Hong Kong,[19]
621,The Octagon,United States,[20]
622,The Rebel Intruders,Hong Kong,[21]
623,The Sword,Hong Kong,Martial arts film[22]
624,,,
625,The Young Master,Hong Kong,[23]
626,Trois Hommes à Abattre,France,Action thriller[24]
627,,,
628,An Eye for an Eye,United States,Martial arts film[25]
629,Condorman,United States,"Superhero film, action thriller[26]"
630,Deadly Brothers,Philippines,Action thriller[27]
631,Enter the Ninja,United States,[28]
632,Escape from New York,United States,Science fiction action[29]
633,For Your Eyes Only,United Kingdom,Action Thriller[30]
634,Force: Five,United States,Martial arts film
635,Game of Death II,Hong Kong,[31]
636,Kill and Kill Again,"South Africa
United States",Martial arts film
637,Knightriders,United States,[32]
638,Le Professionnel,France,Action thriller[33]
639,Lion vs. Lion,Hong Kong,Martial arts film
640,Lovely But Deadly,United States,Martial arts film[34]
641,Mad Max 2,Australia,[35]
642,Masked Avengers,Hong Kong,Martial arts film[36]
643,My Young Auntie,Hong Kong,"Action comedy, martial arts film[37]"
644,Nighthawks,United States,Action thriller[38]
645,Outland,United States,Science fiction action[39]
646,Raiders of the Lost Ark,United States,[40]
647,Sharky's Machine,United States,Action thriller[41]
648,Southern Comfort,United States,Action thriller[42]
649,The Cannonball Run,United States,Action comedy[43]
650,The Emperor and His Brother,Hong Kong,Martial arts film
651,The Prodigal Son,Hong Kong,Martial arts film[44]
652,,,
653,1990: The Bronx Warriors,Italy,Science fiction action[45]
654,48 Hrs.,United States,Action comedy[46]
655,Anno 2020 - I gladiatori del futuro,Italy,Science fiction action[47]
656,Burst City,Japan,[48]
657,Carry On Pickpocket,Hong Kong,[49]
658,Class of 1984,Canada,Action thriller[50]
659,Conan the Barbarian,United States,[51]
660,Death Wish 2,United States,Action thriller[52]
661,Dragon Lord,Hong Kong,[53]
662,Firefox,United States,[54]
663,First Blood,United States,Action thriller[55]
664,Five Element Ninjas,Hong Kong,[56]
665,Forced Vengeance,United States,"Action thriller, martial arts film[57]"
666,Get My Son Dead or Alive,Philippines,Action thriller[58]
667,Human Lanterns,Hong Kong,[59]
668,Ninja in the Dragon's Den,Hong Kong,Martial arts Film
669,One Down Two to Go,United States,[60]
670,Running on Empty,Australia,[61]
671,Shaolin Temple,Hong Kong,Martial arts film[62]
672,Silent Rage,United States,
673,The Challenge,United States,Martial arts film[63]
674,The Dead and the Deadly,Hong Kong,"Action comedy, martial arts film[64]"
675,The Junkman,United States,Action comedy[65]
676,Legendary Weapons of China,Hong Kong,[66]
677,The Soldier,United States,[67]
678,Tron,United States,Science fiction action[68]
679,Turkey Shoot,Australia,Action thriller[69]
680,Warlords of the 21st Century,United States,[70]
681,,,
682,10 to Midnight,United States,Action thriller[71]
683,"2019, After the Fall of New York","Italy
France",Science fiction action[72]
684,Bastard Swordsman,Hong Kong,[73]
685,Blue Thunder,United States,[74]
686,Duel to the Death,Hong Kong,Martial arts film
687,Endgame,Italy,Science fiction action[75]
688,Escape from the Bronx,Italy,[76]
689,Exterminators of the Year 3000,"Italy
Spain
United States",[77]
690,Fearless Hyena Part II,Hong Kong,[78]
691,Go for It,Italy,[79]
692,Golgo 13: The Professional,Japan,[80]
693,Holy Flame of the Martial World,Hong Kong,[81]
694,Le Marginal,France,Action thriller[82]
695,Lone Wolf McQuade,United States,[83]
696,Never Say Never Again,United States,[84]
697,Octopussy,United Kingdom,Action thriller[85]
698,Project A,Hong Kong,Martial arts film[86]
699,Return of the Jedi,United States,Science fiction action[87]
700,Revenge of the Ninja,United States,[88]
701,Scarface,United States,Crime action[89]
702,Shaolin Drunkard,Hong Kong,[90]
703,Smokey and the Bandit 3,United States,[91]
704,Stroker Ace,United States,[92]
705,Sudden Impact,United States,Action thriller[93]
706,Superman III,United States,Superhero film[94]
707,The Boxer's Omen,Hong Kong,[95]
708,The Eight Diagram Pole Fighter,Hong Kong,[96]
709,The New Barbarians,Italy,Science fiction action[97]
710,Uncommon Valor,United States,[98]
711,Vigilante,United States,Action thriller[99]
712,Zu Warriors from the Magic Mountain,Hong Kong,[100]
713,,,
714,A Breed Apart,United States,[101]
715,Alley Cat,United States,[102]
716,Beverly Hills Cop,United States,Action comedy[103]
717,Blastfighter,"Italy
France",Action thriller[104]
718,Cannonball Run II,United States,Action comedy[105]
719,City Heat,United States,[106]
720,Code Name: Wild Geese,"Italy
West Germany",[107]
721,Conan the Destroyer,United States,[108]
722,Firestarter,United States,Action thriller[109]
723,Indiana Jones and the Temple of Doom,United States,[110]
724,Kids From Shaolin,Hong Kong,[111]
725,Missing in Action,United States,Action thriller[112]
726,Ninja III: The Domination,United States,[113]
727,Raiders of the Shaolin Temple,Taiwan,[114]
728,Revenge of the Drunken Master,Hong Kong,[115]
729,Roadhouse 66,United States,[116]
730,Runaway,United States,Science fiction action[117]
731,Sheena,United States,[118]
732,Streets of Fire,United States,[119]
733,The Adventures of Buckaroo Banzai Across the 8th Dimension,United States,Action comedy[120]
734,The Exterminator 2,United States,Action thriller[121]
735,The Final Executioner,Italy,[122]
736,The Ninja Mission,"Sweden
United Kingdom",[123]
737,The Terminator,United States,[124]
738,The Toxic Avenger,United States,Action comedy[125]
739,Toy Soldiers,United States,[126]
740,Wheels on Meals,Hong Kong,"Action comedy, martial arts film[127]"
741,,,
742,A View to a Kill,United Kingdom,[128]
743,American Ninja,United States,[129]
744,Black Moon Rising,United States,[130]
745,Code of Silence,United States,[131]
746,Commando,United States,[132]
747,Death Wish 3,United States,[133]
748,Disciples of the 36th Chamber,Hong Kong,[134]
749,Gymkata,United States,Martial arts film[135]
750,Heart of Dragon,Hong Kong,[136]
751,Invasion U.S.A.,United States,[137]
752,King Solomon's Mines,United States,[138]
753,Les Spécialistes,France,Action comedy[139]
754,Light Blast,Italy,[140]
755,Mad Max Beyond Thunderdome,Australia,[141]
756,Malibu Express,United States,[142]
757,Missing in Action 2: The Beginning,United States,[143]
758,Mr. Vampire,Hong Kong,[144]
759,My Lucky Stars,Hong Kong,[145]
760,Ninja Terminator,United States,[146]
761,Parole de flic,France,[147]
762,Partida,Philippines,Action thriller[148]
763,Police Story,Hong Kong,[149]
764,Pray for Death,United States,Martial arts film
765,Rambo: First Blood Part II,United States,[150]
766,Red Sonja,United States,[151]
767,Remo Williams: The Adventure Begins,United States,[152]
768,Runaway Train,United States,[153]
769,Spies Like Us,United States,[154]
770,Target,United States,Action thriller[155]
771,The Last Dragon,United States,[156]
772,The Protector,"Hong Kong
United States",[157]
773,To Live and Die in L.A.,United States,Action thriller[158]
774,Trancers,United States,Science fiction action[159]
775,"Twinkle, Twinkle, Lucky Stars",Hong Kong,[160]
776,Wild Geese II,United Kingdom,[161]
777,Year of the Dragon,United States,Action thriller[162]
778,"Yes, Madam!",Hong Kong,Martial arts film[163]
779,,,
780,A Better Tomorrow,Hong Kong,Action thriller[164]
781,Aliens,United States,Science fiction action[165]
782,Allan Quatermain and the Lost City of Gold,United States,[166]
783,Armed Response,United States,[167]
784,Armour of God,Hong Kong,Martial arts film[168]
785,,,
786,Big Trouble in Little China,United States,[169]
787,Bleu Comme L'Enfer,France,Action thriller[170]
788,Born American,"Finland
United States",[171]
789,Born to Defence,Hong Kong,Martial arts film
790,Clash of the Ninjas,Hong Kong,[172]
791,Cobra,United States,[173]
792,Eliminators,United States,Science fiction action[174]
793,F/X,United States,[175]
794,Fair Game,Australia,[176]
795,Firewalker,United States,[177]
796,Heroes Shed No Tears,Hong Kong,[178]
797,Highlander,"United States, United Kingdom",
798,Iron Eagle,United States,[179]
799,"It's Night Time, Commander",Philippines,[citation needed]
800,Jumpin' Jack Flash,United States,Action comedy[180]
801,Legacy of Rage,Hong Kong,
802,Magnum Muslim. 357,Philippines,[181]
803,Martial Arts of Shaolin,"Hong Kong
China",Martial arts film
804,Maximum Overdrive,United States,Science fiction action[182]
805,Millionaire's Express,Hong Kong,[183]
806,Murphy's Law,United States,Action thriller[184]
807,"No Retreat, No Surrender","United States
Hong Kong",[185]
808,Raw Deal,United States,[186]
809,Righting Wrongs,Hong Kong,[187]
810,Royal Warriors,Hong Kong,
811,,,
812,The Delta Force,United States,[188]
813,The Golden Child,United States,[189]
814,The Seventh Curse,Hong Kong,Martial arts film[190]
815,Vendetta dal futuro,Italy,Science fiction action[191]
816,The Wraith,United States,[192]
817,,,
818,A Better Tomorrow II,Hong Kong,[193][194]
819,A Chinese Ghost Story,Hong Kong,Martial arts film[195]
820,American Ninja 2: The Confrontation,United States,Martial arts film[196]
821,,,
822,Banzai Runner,United States,[197]
823,Beverly Hills Cop II,United States,Action comedy[198]
824,Black Cobra,Italy,Action thriller[199]
825,Cherry 2000,United States,[200]
826,Death Before Dishonor,United States,[201]
827,Death Wish 4: The Crackdown,United States,Action thriller [202]
828,Eastern Condors,Hong Kong,[203]
829,Extreme Prejudice,United States,Action thriller[204]
830,Fatal Beauty,United States,Action thriller[205]
831,Hard Ticket to Hawaii,United States,Action thriller[206]
832,Le Solitaire,France,[207]
833,Lethal Weapon,United States,Action thriller[208]
834,Magnificent Warriors,Hong Kong,[209]
835,Masters of the Universe,United States,[210]
836,Miami Connection,United States,Martial arts film[211]
837,"No Retreat, No Surrender 2","Hong Kong
United States",
838,Predator,United States,Science fiction action[212]
839,Prison on Fire,"China
Hong Kong",Action thriller[213]
840,Project A II,Hong Kong,"Action comedy, martial arts[214]"
841,Rage of Honor,"United States
Argentina",Martial arts film
842,RoboCop,United States,Science fiction action[215]
843,Rolling Vengeance,Canada,Action thriller[216]
844,Superman IV: The Quest for Peace,United States,Superhero film[217]
845,Surf Nazis Must Die,United States,[218]
846,Target: Sparrow Unit,Philippines,[219]
847,The Living Daylights,United Kingdom,[220]
848,The Running Man,United States,Science fiction action[221]
849,Thou Shalt Not Kill... Except,United States,Action thriller[222]
850,,,
851,Ultimatum: Ceasefire!,Philippines,[223]
852,Walker,"United States
Nicaragua",[224]
853,Wanted: Dead or Alive,United States,[225]
854,Wicked City,Japan,Animated film[226]
855,,,
856,Above the Law,United States,Action thriller[227]
857,Action Jackson,United States,[228]
858,Alex Boncayao Brigade,Philippines,[229]
859,,,
860,Angel II,Hong Kong,
861,Black Eagle,United States,"Action thriller, martial arts film[230]"
862,Bloodsport,United States,Martial arts film[231]
863,Braddock: Missing in Action III,United States,[232]
864,Bulletproof,United States,[233]
865,Chinatown: In the Claws of the Dragon,Philippines,[234]
866,Crocodile Dundee II,"Australia
United States",[235]
867,Die Hard,United States,Action thriller[236]
868,Dragons Forever,"China
Hong Kong",[237]
869,Ex-Army,Philippines,
870,Hero and the Terror,United States,[238]
871,I'm Gonna Git You Sucka,United States,Action comedy[239]
872,In the Line of Duty III,Hong Kong,
873,Maniac Cop,United States,[240]
874,Messenger of Death,United States,Action thriller[241]
875,Midnight Run,United States,Action comedy[242]
876,Ne réveillez pas un flic qui dort,France,Action thriller[243]
877,,,
878,Police Story 2,Hong Kong,Martial arts film[244]
879,Rambo III,United States,Action thriller[245]
880,Red Heat,United States,Action thriller[246]
881,Red Scorpion,United States,[247]
882,,,
883,Shoot to Kill,United States,Action thriller[248]
884,Space Mutiny,South Africa,Science fiction action[249]
885,Striker,"United States
Italy",[250]
886,The Bullet That Will Kill You Has Been Made,Philippines,Action thriller[251]
887,The Dead Pool,United States,Action thriller[252]
888,The Inspector Wears Skirts,Hong Kong,Action comedy[253]
889,They Live,United States,Science fiction action[254]
890,,,
891,Tiger on Beat,Hong Kong,[255]
892,Traxx,United States,Action comedy[256]
893,,,
894,A Better Tomorrow 3,Hong Kong,[257]
895,A Punch to Revenge,Hong Kong,
896,American Ninja 3: Blood Hunt,United States,[258]
897,American Rampage,United States,[259]
898,Angel III,Hong Kong,
899,Angel Enforcers,Hong Kong,
900,,,
901,,,
902,,,
903,"Abraxas, Guardian of the Universe",United States,Science fiction action[1]
904,Air America,United States,[2]
905,All for the Winner,Hong Kong,[3]
906,American Ninja 4: The Annihilation,United States,[4]
907,Another 48 Hrs.,United States,[5]
908,Apo: Manila's Kingpin,Philippines,Action thriller[6]
909,Bird on a Wire,United States,[7]
910,Bloodfist II,United States,[8]
911,Blue Steel,United States,[9]
912,Bullet and Rosary,Philippines,Action thriller[10]
913,Bullet in the Head,Hong Kong,[11]
914,Captain America,"United States
Yugoslavia",[12]
915,Curry and Pepper,Hong Kong,[13]
916,Darkman,United States,Science fiction action[14]
917,Death Warrant,"Canada
United States",[15]
918,Delta Force 2: The Colombian Connection,United States,[16]
919,Dick Tracy,United States,[17]
920,Die Hard 2,United States,[18]
921,Fatal Termination,Hong Kong,
922,La Femme Nikita,"France
Italy",Action thriller[19]
923,Hard to Kill,United States,[20]
924,The Hunt For Red October,United States,Action thriller[21]
925,I Come in Peace,United States,[22]
926,Island of Fire,Hong Kong,[23]
927,Just Only God That I Could Surrender,Philippines,[24]
928,Lethal Panther,Hong Kong,[25]
929,Lionheart,United States,[26]
930,Maniac Cop 2,United States,[27]
931,Marked for Death,United States,[28]
932,Martial Law,United States,[29]
933,Narrow Margin,United States,Action thriller[30]
934,Navy SEALS,United States,Action thriller[31]
935,Peacemaker,United States,[32]
936,Predator 2,United States,Science fiction action[33]
937,RoboCop 2,United States,Science fiction action[34]
938,Short Time,United States,[35]
939,Teenage Mutant Ninja Turtles,United States,[36]
940,Robot Jox,United States,Science fiction action[37]
941,The Rookie,United States,[38]
942,The Swordsman,Hong Kong,Martial arts film[39]
943,Total Recall,United States,[40]
944,"White Hunter, Black Heart",United States,[41]
945,,,
946,Armour of God II: Operation Condor,Hong Kong,[42][43]
947,Backdraft,United States,Action thriller[44]
948,Black Cat,Hong Kong,[45]
949,Do or Die,United States,[46]
950,Double Impact,United States,[47]
951,Dune Warriors,United States,[48]
952,Fight Back to School,Hong Kong,[49]
953,,,
954,Fist of Fury 1991,Hong Kong,[50]
955,F/X2,United States,Action thriller[51]
956,God of Gamblers II,Hong Kong,[52]
957,"Good Friend, Worst Enemy",Philippines,[53]
958,The Hard Way,United States,[54]
959,Harley Davidson and the Marlboro Man,United States,[55]
960,The Hitman,"United States
Canada",
961,Hudson Hawk,United States,[56]
962,The Human Shield,United States,
963,If Looks Could Kill,"United States
Canada",Action comedy
964,The Last Boy Scout,United States,[57]
965,Martial Law 2: Undercover,United States,[58]
966,,,
967,Once Upon a Time in China,Hong Kong,[59]
968,Out for Justice,United States,[60]
969,,,
970,Point Break,United States,[61]
971,Revenge of the Offended,Philippines,[62]
972,Ricochet,United States,Action thriller[63]
973,Riki-Oh: The Story of Ricky,"Hong Kong
Japan",[64]
974,The Rocketeer,United States,[65]
975,Run,United States,[66]
976,Samurai Cop,United States,Action thriller[67]
977,Savior of the Soul,Hong Kong,[68][69]
978,,,
979,Showdown in Little Tokyo,United States,[70]
980,Stone Cold,United States,[71]
981,Swordsmen in Double Flag Town,China,[72]
982,The Taking of Beverly Hills,United States,
983,Teenage Mutant Ninja Turtles II: The Secret of the Ooze,United States,[73]
984,Terminator 2: Judgment Day,United States,Science fiction action[74]
985,Tiger Claws,Canada,[75]
986,Toy Soldiers,United States,
987,Trancers II,United States,Action thriller[76]
988,Zeram,Japan,[77]
989,,,
990,Aces: Iron Eagle III,United States,[78]
991,American Samurai,United States,Martial arts film
992,Angel Terminators,Hong Kong,
993,Batman Returns,United States,[79]
994,,,
995,Boboy Salonga: Tondo Kid,Philippines,[80]
996,CIA Code Name: Alexa,United States,
997,Deadly Dream Women,Hong Kong,[81]
998,El Mariachi,United States,[82]
999,Freejack,United States,[83]
1000,Full Contact,Hong Kong,[84]
1001,Hard Boiled,Hong Kong,[85]
1002,The Heroic Trio,Hong Kong,Martial arts film[86]
1003,King of Beggars,Hong Kong,Action comedy[87]
1004,Kuffs,United States,Action comedy[88]
1005,Lethal Weapon 3,United States,[89]
1006,Live Wire,United States,Action thriller[90]
1007,,,
1008,Mission of Justice,United States,Martial arts film
1009,Naked Killer,Hong Kong,[91]
1010,,,
1011,Once Upon a Time in China II,Hong Kong,[92]
1012,Passenger 57,United States,[93]
1013,Patriot Games,United States,[94]
1014,Police Story 3: Super Cop,Hong Kong,[95]
1015,Rapid Fire,United States,[96]
1016,Snake Eater III,United States,
1017,Sneakers,United States,Action thriller[97]
1018,Stop! Or My Mom Will Shoot,United States,Action comedy[98]
1019,Talons of the Eagle,Canada,Martial arts film
1020,Trancers III: Death Lives,United States,"Science fiction action, action thriller[99]"
1021,Trespass,United States,Action thriller[100]
1022,Twin Dragons,Hong Kong,[101]
1023,Ultracop 2000,"Philippines
Hong Kong","Action comedy, martial arts film[102]"
1024,Under Siege,United States,[103]
1025,Universal Soldier,United States,[104]
1026,The Wicked City,Hong Kong,[105]
1027,,,
1028,Acción Mutante,Spain,Science fiction action[106]
1029,American Cyborg: Steel Warrior,United States,Science fiction action
1030,American Ninja V,United States,[107]
1031,American Yakuza,United States,
1032,Angel Terminators II,Hong Kong,
1033,The Avenging Quartet,Hong Kong,
1034,,,
1035,Batman: Mask of the Phantasm,United States,[108]
1036,Best of the Best 2,United States,[109]
1037,The Black Panther Warriors,Hong Kong,[110]
1038,Blade of Fury,Hong Kong,[111]
1039,Bodyguard Kiba,Japan,[112]
1040,Bounty Tracker,"Germany
United States",
1041,The Bride with White Hair,Hong Kong,Martial arts film[113]
1042,The Bride with White Hair 2,Hong Kong,Martial arts film[114]
1043,Butterfly and Sword,Hong Kong,[115]
1044,CIA II: Target Alexa,United States,
1045,Cliffhanger,United States,[116]
1046,Crime Story,Hong Kong,[117]
1047,Cyborg Cop,United States,Science fiction action[118]
1048,Death Triangle,Hong Kong,
1049,Demolition Man,United States,[119]
1050,The Eagle Shooting Heroes,Hong Kong,[120]
1051,,,
1052,Executioners,Hong Kong,[121]
1053,,,
1054,,,
1055,Fong Sai-Yuk,Hong Kong,[122]
1056,Fong Sai-yuk II,Hong Kong,[123]
1057,Fortress,"Australia
United States",[124]
1058,The Fugitive,United States,Action thriller[125]
1059,Guns of Dragon,Hong Kong,
1060,Hard Target,United States,[126]
1061,Hero Among Heroes,Hong Kong,[127]
1062,Iron Monkey,Hong Kong,[128]
1063,,,
1064,Judgment Night,United States,Action thriller[129]
1065,Kung Fu Cult Master,Hong Kong,[130]
1066,Lady Dragon 2,United States,Martial arts film[131]
1067,Last Action Hero,United States,[132]
1068,Last Hero in China,Hong Kong,[133]
1069,Lethal Panther 2: Partners in Law,"Philippines
Hong Kong
Japan",[134][135]
1070,Maniac Cop 3: Badge of Silence,United States,[136]
1071,Manila Boy,Philippines,Action comedy[137]
1072,Martial Outlaw,United States,Martial arts film
1073,The Meteor Man,United States,Action comedy[138]
1074,Nowhere to Run,United States,[139]
1075,Once a Cop,Hong Kong,[140]
1076,Once Upon a Time in China III,Hong Kong,[141]
1077,Once Upon a Time in China IV,Hong Kong,Martial arts film[142]
1078,Only the Strong,United States,[143]
1079,Point of No Return,United States,[144]
1080,,,
1081,Sniper,United States,[145]
1082,Street Knight,United States,
1083,Striking Distance,United States,Action thriller[146]
1084,Surf Ninjas,United States,Action comedy[147]
1085,Tai Chi Master,Hong Kong,[148]
1086,,,
1087,Teenage Mutant Ninja Turtles III,United States,[149]
1088,Undercover Blues,United States,[150]
1089,Undefeatable,Hong Kong,Martial arts film[151]
1090,,,
1091,Ashes of Time,Hong Kong,Martial arts film[152]
1092,,,
1093,Beverly Hills Cop III,United States,[153]
1094,Blankman,United States,Action comedy[154]
1095,Blown Away,United States,Action thriller[155]
1096,The Bodyguard from Beijing,Hong Kong,[156]
1097,Burning Paradise,Hong Kong,[157]
1098,The Chase,United States,[158]
1099,Chinatown 2: The Vigilantes,Philippines,
1100,Clear and Present Danger,United States,[159]
1101,The Cowboy Way,United States,[160]
1102,The Crow,United States,[161]
1103,CyberTracker,United States,Science fiction action[162]
1104,Deadly Target,United States,
1105,Death Wish V: The Face of Death,United States,[163]
1106,Double Dragon,United States,Martial arts film[164]
1107,Drop Zone,United States,[165]
1108,Drunken Master II,Hong Kong,[166]
1109,Fist of Legend,Hong Kong,[167]
1110,The Getaway,United States,[168]
1111,God of Gamblers' Return,Hong Kong,[169]
1112,Gunmen,United States,[170]
1113,Hellbound,United States,[171]
1114,Léon: The Professional,France,Action thriller[172][173][174]
1115,Love on Delivery,Hong Kong,[175]
1116,A Low Down Dirty Shame,United States,[176]
1117,Men of War,United States,[177]
1118,Mistah,Philippines,[178]
1119,The New Legend Of Shaolin,Hong Kong,[179]
1120,No Escape,United States,[180]
1121,On Deadly Ground,United States,[181]
1122,The River Wild,United States,[182]
1123,Satin Steel,Hong Kong,
1124,The Shadow,United States,[183]
1125,The Specialist,United States,[184]
1126,Speed,United States,[185]
1127,Street Fighter,United States,[186]
1128,Street Fighter II: The Animated Movie,"Japan
United States",[187]
1129,Surviving the Game,United States,[188]
1130,Terminal Velocity,United States,[189]
1131,Timecop,United States,[190]
1132,True Lies,United States,[191]
1133,Ultimatum,"Philippines
United States",[192]
1134,Wing Chun,Hong Kong,[193]
1135,Wonder Seven,Hong Kong,[194]
1136,,,
1137,Assassins,United States,[195]
1138,Bad Boys,United States,[196]
1139,Best of the Best 3,United States,Martial arts Film
1140,Batman Forever,United States,[197]
1141,The Blade,Hong Kong,[198]
1142,Congo,United States,[199]
1143,Crimson Tide,United States,[200]
1144,Crying Freeman,"France
Canada",[201]
1145,The Demolitionist,United States,Science fiction action[202]
1146,Desperado,United States,[203]
1147,Die Hard with a Vengeance,United States,[204]
1148,Don't Give a Damn,Hong Kong,[205]
1149,,,
1150,Fair Game,United States,[206]
1151,,,
1152,,,
1153,Garōden,Japan,[207]
1154,GoldenEye,United Kingdom,[208]
1155,Heat,United States,[209]
1156,High Risk,Hong Kong,[210]
1157,The Hunted,United States,[211]
1158,Johnny Mnemonic,Canada,[212]
1159,Judge Dredd,United States,Science fiction action[213]
1160,Kamikaze Taxi,Japan,[214]
1161,,,
1162,,,
1163,Money Train,United States,[215]
1164,Mortal Kombat,United States,[216]
1165,My Father Is a Hero,Hong Kong,[217]
1166,One Tough Bastard,United States,Action thriller[218]
1167,Outbreak,United States,Action thriller[219]
1168,Peace Hotel,Hong Kong,[220]
1169,,,
1170,,,
1171,Rumble in the Bronx,Hong Kong,[221]
1172,Screamers,"United States
Canada
Japan",Action thriller[222]
1173,Soldier Boyz,United States,
1174,Sudden Death,United States,[223]
1175,Tank Girl,United States,Action comedy[224]
1176,Thunderbolt,Hong Kong,[225][226]
1177,Top Dog,United States,[227]
1178,Tough and Deadly,United States,
1179,Under Siege 2: Dark Territory,United States,[228]
1180,Urban Rangers,Philippines,
1181,Waterworld,United States,[229]
1182,Zero Woman,Japan,[230]
1183,Zero Woman: Final Mission,Japan,[231]
1184,,,
1185,Barb Wire,United States,[232]
1186,Beyond Hypothermia,Hong Kong,[233][234]
1187,Big Bullet,Hong Kong,[235]
1188,Black Mask,Hong Kong,[236][237]
1189,Broken Arrow,United States,[238]
1190,Bulletproof,United States,[239]
1191,Chain Reaction,United States,[240]
1192,The Chinese Feast,Hong Kong,"Action comedy, martial arts film[241]"
1193,The Crow: City of Angels,United States,[242]
1194,Daylight,United States,[243]
1195,"Dr. Wai in ""The Scripture with No Words""",Hong Kong,[244]
1196,Eraser,United States,[245]
1197,Escape from L.A.,United States,[246]
1198,Executive Decision,United States,[247]
1199,First Option,Hong Kong,
1200,,,
1201,,,
1202,2000 AD,Hong Kong,[1]
1203,The 6th Day,United States,Action thriller[2]
1204,The Art of War,United States,Action thriller[3]
1205,Battle Royale,Japan,Action thriller[4]
1206,Battlefield Earth,United States,Science fiction action[5]
1207,Blood: The Last Vampire,Japan,Anime action horror[6]
1208,Charlie's Angels,United States,[7]
1209,China Strike Force,Hong Kong,[8]
1210,"Crouching Tiger, Hidden Dragon",Taiwan,Martial arts film[9]
1211,The Duel,Hong Kong,Martial arts film[10]
1212,Faust: Love of the Damned,Spain,Action thriller[11]
1213,Get Carter,United States,Action thriller[12]
1214,Gojoe: Spirit War Chronicle,Japan,[13]
1215,Gone in 60 Seconds,United States,[14]
1216,Jiang Hu: The Triad Zone,Hong Kong,[15]
1217,Mission: Impossible 2,United States,[16]
1218,Romeo Must Die,United States,[17]
1219,Shaft,United States,[18]
1220,Shanghai Noon,United States,[19]
1221,Taxi 2,France,[20]
1222,Time and Tide,Hong Kong,[21]
1223,Titan A.E.,United States,Science fiction action[22]
1224,Tokyo Raiders,Hong Kong,[23]
1225,Vampire Hunter D: Bloodlust,Japan,Animated film[24]
1226,Versus,Japan,[25]
1227,Vertical Limit,United States,[26]
1228,Whiteout,Japan,Action thriller[27]
1229,X-Men,United States,[28]
1230,,,
1231,,,
1232,,,
1233,,,
1234,,,
1235,,,
1236,,,
1237,,,
1238,,,
1239,,,
1240,,,
1241,,,
1242,,,
1243,,,
1244,,,
1245,,,
1246,,,
1247,,,
1248,,,
1249,,,
1250,,,
1251,,,
1252,,,
1253,,,
1254,,,
1255,,,
1256,,,
1257,,,
1258,,,
1259,,,
1260,,,
1261,,,
1262,,,
1263,,,
1264,,,
1265,,,
1266,,,
1267,,,
1268,,,
1269,,,
1270,,,
1271,,,
1272,,,
1273,,,
1274,,,
1275,,,
1276,,,
1277,,,
1278,,,
1279,,,
1280,,,
1281,,,
1282,,,
1283,,,
1284,,,
1285,,,
1286,,,
1287,,,
1288,,,
1289,,,
1290,,,
1291,,,
1292,,,
1293,,,
1294,,,
1295,,,
1296,,,
1297,,,
1298,,,
1299,,,
1300,,,
1301,,,
1302,,,
1303,,,
1304,,,
1305,,,
1306,,,
1307,,,
1308,,,
1309,,,
1310,,,
1311,,,
1312,,,
1313,,,
1314,,,
1315,,,
1316,,,
1317,,,
1318,,,
1319,,,
1320,,,
1321,,,
1322,,,
1323,,,
1324,,,
1325,,,
1326,,,
1327,,,
1328,,,
1329,,,
1330,,,
1331,,,
1332,,,
1333,,,
1334,,,
1335,,,
1336,,,
1337,,,
1338,,,
1339,,,
1340,,,
1341,,,
1342,,,
1343,,,
1344,,,
1345,,,
1346,,,
1347,,,
1348,,,
1349,,,
1350,,,
1351,,,
1352,,,
1353,,,
1354,,,
1355,,,
1356,,,
1357,,,
1358,,,
1359,,,
1360,,,
1361,,,
1362,,,
1363,,,
1364,,,
1365,,,
1366,,,
1367,,,
1368,,,
1369,,,
1370,,,
1371,,,
1372,,,
1373,,,
1374,,,
1375,,,
1376,,,
1377,,,
1378,,,
1379,,,
1380,,,
1381,,,
1382,,,
1383,,,
1384,,,
1385,,,
1386,,,
1387,,,
1388,,,
1389,,,
1390,,,
1391,,,
1392,,,
1393,,,
1394,,,
1395,,,
1396,,,
1397,,,
1398,,,
1399,,,
1400,,,
1401,,,
1402,,,
1403,,,
1404,,,
1405,,,
1406,,,
1407,,,
1408,,,
1409,,,
1410,,,
1411,,,
1412,,,
1413,,,
1414,,,
1415,,,
1416,,,
1417,,,
1418,,,
1419,,,
1420,,,
1421,,,
1422,,,
1423,,,
1424,,,
1425,,,
1426,,,
1427,,,
1428,,,
1429,,,
1430,,,
1431,,,
1432,,,
1433,,,
1434,,,
1435,,,
1436,,,
1437,,,
1438,,,
1439,,,
1440,,,
1441,,,
1442,,,
1443,,,
1444,,,
1445,,,
1446,,,
1447,,,
1448,,,
1449,,,
1450,,,
1451,,,
1452,,,
1453,,,
1454,,,
1455,,,
1456,,,
1457,,,
1458,,,
1459,,,
1460,,,
1461,,,
1462,,,
1463,,,
1464,,,
1465,,,
1466,,,
1467,,,
1468,,,
1469,,,
1470,,,
1471,,,
1472,,,
1473,,,
1474,,,
1475,,,
1476,,,
1477,,,
1478,,,
1479,,,
1480,,,
1481,,,
1482,,,
1483,,,
1484,,,
1485,,,
1486,,,
1487,,,
1488,,,
1489,,,
1490,,,
1491,,,
1492,,,
1493,,,
1494,,,
1495,,,
1496,,,
1497,,,
1498,,,
1499,,,
1500,,,
1501,,,
1502,,,
1503,13 Assassins,Japan,Martial arts[1]
1504,14 Blades,"China
Hong Kong",Martial arts[2]
1505,22 Bullets,France,Action thriller
1506,Alien vs Ninja,Japan,[3][4]
1507,Bad Blood,Hong Kong,[5]
1508,Bangkok Knockout,Thailand,[6]
1509,Batman: Under the Red Hood,United States,Animated superhero film[7]
1510,Blades of Blood,South Korea,[8]
1511,Cop Out,United States,Action comedy[9]
1512,Centurion,United Kingdom,[10]
1513,City Under Siege,Hong Kong,[11]
1514,Clash of the Titans,"United States
Australia",Fantasy action
1515,Death Race 2,United States,Science fiction action
1516,Dante's Inferno: An Animated Epic,Japan,Animated film[12]
1517,Date Night,United States,Action comedy[13]
1518,Faster,United States,[14]
1519,Fire of Conscience,Hong Kong,[15]
1520,From Paris With Love,"France
United States",[16]
1521,Gallants,Hong Kong,[17]
1522,Gothic & Lolita Psycho,Japan,[18]
1523,Hunt to Kill,,
1524,Inception,United States,Science fiction action[19]
1525,Ip Man 2,Hong Kong,[20]
1526,Iron Man 2,United States,[21]
1527,Just Call Me Nobody,"Taiwan
China",[22]
1528,Justice League: Crisis on Two Earths,United States,Animated superhero film[23]
1529,Kick-Ass,United States,[24]
1530,Killers,United States,[25]
1531,Knight and Day,United States,[26]
1532,Let the Bullets Fly,"China
Hong Kong",[27]
1533,Little Big Soldier,"Hong Kong
China",[28]
1534,MacGruber,United States,Action comedy[29]
1535,Machete,United States,[30]
1536,Mutant Girls Squad,Japan,[31][32]
1537,Ong Bak 3,Thailand,[33][34]
1538,Operation: Endgame,United States,Action comedy[35]
1539,Piranha 3D,United States,Action thriller[36]
1540,Point Blank,France,Action thriller[37]
1541,Predators,United States,[38]
1542,Red,United States,[39]
1543,Red: Werewolf Hunter,Canada,Action horror[40]
1544,Reign of Assassins,China,[41][42]
1545,Repo Men,United States,Science fiction action[43]
1546,Resident Evil: Afterlife,"Germany
United Kingdom
Canada
France",Science fiction action
1547,Salt,United States,[44]
1548,Scott Pilgrim vs. the World,United States,Action comedy[45]
1549,Shank,United Kingdom,[46]
1550,Sinners and Saints,United States,Action thriller
1551,Smokin' Aces 2: Assassins' Ball,United States,[47]
1552,Stake Land,United States,Action thriller[48]
1553,Superman/Batman: Apocalypse,United States,Animated superhero film[49]
1554,Tekken,United States,[50]
1555,The A-Team,United States,[51]
1556,The Book of Eli,United States,[52]
1557,The Bounty Hunter,United States,Action comedy[53]
1558,"The Butcher, the Chef and the Swordsman","China
United States
Hong Kong",[54]
1559,The Crazies,United States,Action thriller[55]
1560,The Expendables,United States,[56]
1561,The King of Fighters,"Japan
Taiwan
United States
Germany",[57]
1562,The Last Airbender,United States,Martial arts film[58]
1563,The Legend Is Born – Ip Man,Hong Kong,[59]
1564,The Losers,United States,[60]
1565,The Man from Nowhere,South Korea,Action thriller[61]
1566,The Other Guys,United States,[62]
1567,The Red Eagle,Thailand,[63]
1568,The Spy Next Door,United States,Action comedy[64]
1569,The Stool Pigeon,"China
Hong Kong",[65][66]
1570,The Warrior's Way,New Zealand,[67]
1571,The Yellow Sea,South Korea,[68]
1572,Triple Tap,Hong Kong,[69]
1573,True Legend,"Hong Kong
China",[70]
1574,Undisputed III: Redemption,United States,Martial arts film
1575,Unstoppable,United States,[71]
1576,Vampire Warriors,Hong Kong,[72]
1577,Yamada: The Samurai of Ayothaya,Thailand,Martial arts film
1578,Zebraman 2: Attack on Zebra City,Japan,[73]
1579,,,
1580,,,
1581,,,
1582,,,
1583,,,
1584,,,
1585,,,
1586,,,
1587,,,
1588,,,
1589,,,
1590,,,
1591,,,
1592,,,
1593,,,
1594,,,
1595,,,
1596,,,
1597,,,
1598,,,
1599,,,
1600,,,
1601,,,
1602,,,
1603,,,
1604,,,
1605,,,
1606,,,
1607,,,
1608,,,
1609,,,
1610,,,
1611,,,
1612,,,
1613,,,
1614,,,
1615,,,
1616,,,
1617,,,
1618,,,
1619,,,
1620,,,
1621,,,
1622,,,
1623,,,
1624,,,
1625,,,
1626,,,
1627,,,
1628,,,
1629,,,
1630,,,
1631,,,
1632,,,
1633,,,
1634,,,
1635,,,
1636,,,
1637,,,
1638,,,
1639,,,
1640,,,
1641,,,
1642,,,
1643,,,
1644,,,
1645,,,
1646,,,
1647,,,
1648,,,
1649,,,
1650,,,
1651,,,
1652,,,
1653,,,
1654,,,
1655,,,
1656,,,
1657,,,
1658,,,
1659,,,
1660,,,
1661,,,
1662,,,
1663,,,
1664,,,
1665,,,
1666,,,
1667,,,
1668,,,
1669,,,
1670,,,
1671,,,
1672,,,
1673,,,
1674,,,
1675,,,
1676,,,
1677,,,
1678,,,
1679,,,
1680,,,
1681,,,
1682,,,
1683,,,
1684,,,
1685,,,
1686,,,
1687,,,
1688,,,
1689,,,
1690,,,
1691,,,
1692,,,
1693,,,
1694,,,
1695,,,
1696,,,
1697,,,
1698,,,
1699,,,
1700,,,
1701,,,
1702,,,
1703,,,
1704,,,
1705,,,
1706,,,
1707,,,
1708,,,
1709,,,
1710,,,
1711,,,
1712,,,
1713,,,
1714,,,
1715,,,
1716,,,
1717,,,
1718,,,
1719,,,
1720,,,
1721,,,
1722,,,
1723,,,
1724,,,
1725,,,
1726,,,
1727,,,
1728,,,
1729,,,
1730,,,
1731,,,
1732,,,
1733,,,
1734,,,
1735,,,
1736,,,
1737,,,
1738,,,
1739,,,
1740,,,
1741,,,
1742,,,
1743,,,
1744,,,
1745,,,
1746,,,
1747,,,
1748,,,
1749,,,
1750,,,
1751,,,
1752,,,
1753,,,
1754,,,
1755,,,
1756,,,
1757,,,
1758,,,
1759,,,
1760,,,
1761,,,
1762,,,
1763,,,
1764,,,
1765,,,
1766,,,
1767,,,
1768,,,
1769,,,
1770,,,
1771,,,
1772,,,
1773,,,
1774,,,
1775,,,
1776,,,
1777,,,
1778,,,
1779,,,
1780,,,
1781,,,
1782,,,
1783,,,
1784,,,
1785,,,
1786,,,
1787,,,
1788,,,
1789,,,
1790,,,
1791,,,
1792,,,
1793,,,
1794,,,
1795,,,
1796,,,
1797,,,
1798,,,
1799,,,
1800,,,
1801,,,
1802,Ala Vaikunthapurramuloo,India,Action drama[2]
1803,,,
1804,Asuraguru,India,Action thriller[4]
1805,,,
1806,,,
1807,,,
1808,Bad Boys for Life,United States,Action comedy[10]
1809,Bamfaad,India,"Romance, action[11]"
1810,,,
1811,,,
1812,,,
1813,Chick Fight,United States,Action comedy[15]
1814,Coffee & Kareem,United States,Action comedy[16]
1815,Cut Throat City,United States,Heist[17]
1816,,,
1817,,,
1818,Disco Raja,India,Sci-fi action[20][21]
1819,Earth and Blood,France,Action thriller[22]
1820,,,
1821,,,
1822,,,
1823,,,
1824,,,
1825,,,
1826,,,
1827,Guns Akimbo,"New Zealand, United Kingdom, Germany",Action comedy[31]
1828,Guns of Banaras,India,Action thriller[32]
1829,Hitman: Agent Jun,South Korea,Action comedy[33][34]
1830,Honest Thief,United States,Action thriller[35]
1831,I Am Vengeance: Retaliation,United Kingdom,[36]
1832,,,
1833,Justice League Dark: Apokolips War,United States,"Animated, superhero[38]"
1834,Love and Monsters,United States,"Action, adventure, fantasy, rom-com[39]"
1835,Mafia: Chapter 1,India,"Action, crime[40]"
1836,,,
1837,,,
1838,Mortal Kombat Legends: Scorpion's Revenge,United States,"Animated, action, martial arts, fantasy[43]"
1839,,,
1840,My Spy,United States,Action comedy[45]
1841,Palasa 1978,India,Period action[46]
1842,Pasal Kau!,Malaysia,"Action, rom-com[47][48]"
1843,,,
1844,Project Power,United States,Superhero action thriller[50]
1845,,,
1846,Sarileru Neekevvaru,India,Action comedy[52]
1847,Shivarjuna,India,"Action, family[53]"
1848,Sniper: Assassin's End,United States,Action[54]
1849,Sonic the Hedgehog,United States,"Live-action animated hybrid, action-adventure, comedy[55]"
1850,Spenser Confidential,United States,"Action, comedy[56]"
1851,Survive the Night,United States,Action thriller[57]
1852,Superintelligence,United States,Action rom-com[58]
1853,Superman: Man of Tomorrow,United States,"Animated, superhero[59]"
1854,Superman: Red Son,United States,"Animated, superhero[60]"
1855,Tanhaji,India,biographical action[61]
1856,,,
1857,,,
1858,The Last Days of American Crime,United States,Action thriller[64]
1859,,,
1860,The Rhythm Section,United States,Action thriller[66]
1861,,,
1862,The Tax Collector,United States,Action thriller[68]
1863,V,India,Action thriller[69]
1864,Vanguard,China,"Action, adventure[70]"
1865,We Can Be Heroes,United States,Superhero[71]
1866,Wonder Woman 1984,United States,Superhero[72]
1867,,,
1868,,,
1869,,,
1870,,,
1871,,,
1872,,,
1873,,,
1874,,,
1875,,,
1876,,,
1877,,,
1878,,,
1879,,,
1880,,,
1881,,,
1882,,,
1883,,,
1884,,,
1885,,,
1886,,,
1887,,,
1888,,,
1889,,,
1890,,,
1891,,,
1892,,,
1893,,,
1894,,,
1895,,,
1896,,,
1897,,,
1898,,,
1899,,,
1900,,,
1901,,,
1902,,,
1903,,,
1904,,,
1905,,,
1906,,,
1907,,,
1908,,,
1909,,,
1910,,,
1911,,,
1912,,,
1913,,,
1914,,,
1915,,,
1916,,,
1917,,,
1918,,,
1919,,,
1920,,,
1921,,,
1922,,,
1923,,,
1924,,,
1925,,,
1926,,,
1927,,,
1928,,,
1929,,,
1930,,,
1931,,,
1932,,,
1933,,,
1934,,,
1935,,,
1936,,,
1937,,,
1938,,,
1939,,,
1940,,,
1941,,,
1942,,,
1943,,,
1944,,,
1945,,,
1946,,,
1947,,,
1948,,,
1949,,,
1950,,,
1951,,,
1952,,,
1953,,,
1954,,,
1955,,,
1956,,,
1957,,,
1958,,,
1959,,,
1960,,,
1961,,,
1962,,,
1963,,,
1964,,,
1965,,,
1966,,,
1967,,,
1968,,,
1969,,,
1970,,,
1971,,,
1972,,,
1973,,,
1974,,,
1975,,,
1976,,,
1977,,,
1978,,,
1979,,,
1980,,,
1981,,,
1982,,,
1983,,,
1984,,,
1985,,,
1986,,,
1987,,,
1988,,,
1989,,,
1990,,,
1991,,,
1992,,,
1993,,,
1994,,,
1995,,,
1996,,,
1997,,,
1998,,,
1999,,,
2000,,,
2001,,,
2002,,,
2003,,,
2004,,,
2005,,,
2006,,,
2007,,,
2008,,,
2009,,,
2010,,,
2011,,,
2012,,,
2013,,,
2014,,,
2015,,,
2016,,,
2017,,,
2018,,,
2019,,,
2020,,,
2021,,,
2022,,,
2023,,,
2024,,,
2025,,,
2026,,,
2027,,,
2028,,,
2029,,,
2030,,,
2031,,,
2032,,,
2033,,,
2034,,,
2035,,,
2036,,,
2037,,,
2038,,,
2039,,,
2040,,,
2041,,,
2042,,,
2043,,,
2044,,,
2045,,,
2046,,,
2047,,,
2048,,,
2049,,,
2050,,,
2051,,,
2052,,,
2053,,,
2054,,,
2055,,,
2056,,,
2057,,,
2058,,,
2059,,,
2060,,,
2061,,,
2062,,,
2063,,,
2064,,,
2065,,,
2066,,,
2067,,,
2068,,,
2069,,,
2070,,,
2071,,,
2072,,,
2073,,,
2074,,,
2075,,,
2076,,,
2077,,,
2078,,,
2079,,,
2080,,,
2081,,,
2082,,,
2083,,,
2084,,,
2085,,,
2086,,,
2087,,,
2088,,,
2089,,,
2090,,,
2091,,,
2092,,,
2093,,,
2094,,,
2095,,,
2096,,,
2097,,,
2098,,,
2099,,,
